,date,time,price
1,4/11/2021,5:00 a.m.,96
2,4/12/2021,8:00 a.m.,92
3,4/12/2021,12:00 p.m.,87
4,4/13/2021,8:00 a.m.,82
5,4/13/2021,12:00 p.m.,79
6,4/14/2021,8:00 a.m.,74
7,4/14/2021,12:00 p.m.,119
8,4/15/2021,8:00 a.m.,96
9,4/15/2021,12:00 p.m.,162
10,4/16/2021,8:00 a.m.,171
11,4/16/2021,12:00 p.m.,160
12,4/17/2021,8:00 a.m.,90
13,4/17/2021,12:00 p.m.,86
14,4/18/2021,5:00 a.m.,109
15,4/19/2021,8:00 a.m.,88
16,4/19/2021,12:00 p.m.,84
17,4/20/2021,8:00 a.m.,80
18,4/20/2021,12:00 p.m.,76
19,4/21/2021,8:00 a.m.,73
20,4/21/2021,12:00 p.m.,68
21,4/22/2021,8:00 a.m.,64
22,4/22/2021,12:00 p.m.,107
23,4/23/2021,8:00 a.m.,126
24,4/23/2021,12:00 p.m.,162
25,4/24/2021,8:00 a.m.,184
26,4/24/2021,12:00 p.m.,174
27,4/25/2021,5:00 a.m.,106
28,4/26/2021,8:00 a.m.,96
29,4/26/2021,12:00 p.m.,91
30,4/27/2021,8:00 a.m.,86
31,4/27/2021,12:00 p.m.,83
32,4/28/2021,8:00 a.m.,79
33,4/28/2021,12:00 p.m.,74
34,4/29/2021,8:00 a.m.,69
35,4/29/2021,12:00 p.m.,65
36,4/30/2021,8:00 a.m.,60
37,4/30/2021,12:00 p.m.,55
38,5/1/2021,8:00 a.m.,51
39,5/1/2021,12:00 p.m.,46
40,5/2/2021,5:00 a.m.,92
41,5/3/2021,8:00 a.m.,81
42,5/3/2021,12:00 p.m.,109
43,5/4/2021,8:00 a.m.,131
44,5/4/2021,12:00 p.m.,525
45,5/5/2021,8:00 a.m.,159
46,5/5/2021,12:00 p.m.,93
49,5/7/2021,8:00 a.m.,38
50,5/7/2021,12:00 p.m.,69
51,5/8/2021,8:00 a.m.,49
52,5/8/2021,12:00 p.m.,40
53,5/9/2021,5:00 a.m.,107
54,5/10/2021,8:00 a.m.,80
55,5/10/2021,12:00 p.m.,99
56,5/11/2021,8:00 a.m.,123
57,5/11/2021,12:00 p.m.,168
58,5/12/2021,8:00 a.m.,183
59,5/12/2021,12:00 p.m.,179
60,5/13/2021,8:00 a.m.,50
61,5/13/2021,12:00 p.m.,46
62,5/14/2021,8:00 a.m.,42
63,5/14/2021,12:00 p.m.,37
64,5/15/2021,8:00 a.m.,32
65,5/15/2021,12:00 p.m.,27
66,5/16/2021,5:00 a.m.,108
67,5/17/2021,8:00 a.m.,94
68,5/17/2021,12:00 p.m.,90
69,5/18/2021,8:00 a.m.,85
70,5/18/2021,12:00 p.m.,82
71,5/19/2021,8:00 a.m.,77
72,5/19/2021,12:00 p.m.,72
73,5/20/2021,8:00 a.m.,67
74,5/20/2021,12:00 p.m.,64
75,5/21/2021,8:00 a.m.,59
76,5/21/2021,12:00 p.m.,55
77,5/22/2021,8:00 a.m.,50
78,5/23/2021,5:00 a.m.,96
79,5/24/2021,8:00 a.m.,86
80,5/24/2021,12:00 p.m.,83
81,5/25/2021,8:00 a.m.,132
82,5/25/2021,12:00 p.m.,139
83,5/26/2021,8:00 a.m.,512
84,5/26/2021,12:00 p.m.,179
85,5/27/2021,8:00 a.m.,107
86,5/27/2021,12:00 p.m.,62
87,5/28/2021,8:00 a.m.,76
88,5/28/2021,12:00 p.m.,83
89,5/29/2021,8:00 a.m.,67
90,5/29/2021,12:00 p.m.,79
91,5/30/2021,5:00 a.m.,98
92,5/31/2021,8:00 a.m.,118
93,5/31/2021,12:00 p.m.,72
94,6/1/2021,8:00 a.m.,64
95,6/1/2021,12:00 p.m.,101
96,6/2/2021,8:00 a.m.,73
97,6/2/2021,12:00 p.m.,68
98,6/3/2021,8:00 a.m.,61
99,6/3/2021,12:00 p.m.,97
100,6/4/2021,8:00 a.m.,90
101,6/4/2021,12:00 p.m.,113
102,6/5/2021,8:00 a.m.,138
103,6/5/2021,12:00 p.m.,98
104,6/6/2021,5:00 a.m.,99
105,6/7/2021,8:00 a.m.,76
106,6/7/2021,12:00 p.m.,72
107,6/8/2021,8:00 a.m.,68
108,6/8/2021,12:00 p.m.,65
109,6/9/2021,8:00 a.m.,60
110,6/9/2021,12:00 p.m.,57
111,6/10/2021,8:00 a.m.,52
112,6/10/2021,12:00 p.m.,126
113,6/11/2021,8:00 a.m.,113
114,6/11/2021,12:00 p.m.,138
115,6/12/2021,8:00 a.m.,149
116,6/12/2021,12:00 p.m.,139
117,6/13/2021,5:00 a.m.,110
118,6/14/2021,8:00 a.m.,96
119,6/14/2021,12:00 p.m.,91
120,6/15/2021,8:00 a.m.,86
121,6/15/2021,12:00 p.m.,81
122,6/16/2021,8:00 a.m.,78
123,6/16/2021,12:00 p.m.,74
124,6/17/2021,8:00 a.m.,69
125,6/17/2021,12:00 p.m.,64
126,6/18/2021,8:00 a.m.,60
127,6/18/2021,12:00 p.m.,55
128,6/19/2021,8:00 a.m.,51
129,6/19/2021,12:00 p.m.,46
130,6/20/2021,5:00 a.m.,98
131,6/21/2021,8:00 a.m.,84
132,6/21/2021,12:00 p.m.,80
133,6/22/2021,8:00 a.m.,77
134,6/22/2021,12:00 p.m.,106
135,6/23/2021,8:00 a.m.,181
136,6/23/2021,12:00 p.m.,392
137,6/24/2021,8:00 a.m.,180
138,6/24/2021,12:00 p.m.,108
139,6/25/2021,8:00 a.m.,57
140,6/25/2021,12:00 p.m.,69
141,6/26/2021,8:00 a.m.,64
142,6/26/2021,12:00 p.m.,71
143,6/27/2021,5:00 a.m.,99
144,6/28/2021,8:00 a.m.,76
145,6/28/2021,12:00 p.m.,72
146,6/29/2021,8:00 a.m.,69
147,6/29/2021,12:00 p.m.,65
148,6/30/2021,8:00 a.m.,62
149,6/30/2021,12:00 p.m.,124
150,7/1/2021,8:00 a.m.,133
151,7/1/2021,12:00 p.m.,156
152,7/2/2021,8:00 a.m.,161
153,7/2/2021,12:00 p.m.,158
154,7/3/2021,8:00 a.m.,60
155,7/3/2021,12:00 p.m.,55
156,7/4/2021,5:00 a.m.,91
157,7/5/2021,8:00 a.m.,78
158,7/5/2021,12:00 p.m.,75
159,7/6/2021,8:00 a.m.,71
160,7/6/2021,12:00 p.m.,68
161,7/7/2021,8:00 a.m.,66
162,7/7/2021,12:00 p.m.,60
163,7/8/2021,8:00 a.m.,55
164,7/8/2021,12:00 p.m.,51
165,7/9/2021,8:00 a.m.,48
166,7/9/2021,12:00 p.m.,44
167,7/10/2021,8:00 a.m.,40
168,7/10/2021,12:00 p.m.,37
169,7/11/2021,5:00 a.m.,99
170,7/12/2021,8:00 a.m.,87
171,7/12/2021,12:00 p.m.,82
172,7/13/2021,8:00 a.m.,78
173,7/13/2021,12:00 p.m.,74
174,7/14/2021,8:00 a.m.,70
175,7/14/2021,12:00 p.m.,67
176,7/15/2021,8:00 a.m.,63
177,7/15/2021,12:00 p.m.,60
178,7/16/2021,8:00 a.m.,57
179,7/16/2021,12:00 p.m.,52
180,7/17/2021,8:00 a.m.,48
181,7/17/2021,12:00 p.m.,43
182,7/18/2021,5:00 a.m.,103
183,7/19/2021,8:00 a.m.,89
184,7/19/2021,12:00 p.m.,85
185,7/20/2021,8:00 a.m.,82
186,7/20/2021,12:00 p.m.,77
187,7/21/2021,8:00 a.m.,72
188,7/21/2021,12:00 p.m.,68
189,7/22/2021,8:00 a.m.,111
190,7/22/2021,12:00 p.m.,165
191,7/23/2021,8:00 a.m.,513
192,7/23/2021,12:00 p.m.,179
193,7/24/2021,8:00 a.m.,108
194,7/24/2021,12:00 p.m.,88
195,7/25/2021,5:00 a.m.,95
196,7/26/2021,8:00 a.m.,102
197,7/26/2021,12:00 p.m.,110
198,7/27/2021,8:00 a.m.,124
199,7/27/2021,12:00 p.m.,111
200,7/28/2021,8:00 a.m.,65
201,7/28/2021,12:00 p.m.,60
202,7/29/2021,8:00 a.m.,54
203,7/29/2021,12:00 p.m.,118
204,7/30/2021,8:00 a.m.,114
205,7/30/2021,12:00 p.m.,69
206,7/31/2021,8:00 a.m.,61
207,7/31/2021,12:00 p.m.,129
208,8/1/2021,5:00 a.m.,91
209,8/2/2021,8:00 a.m.,64
210,8/2/2021,12:00 p.m.,59
211,8/3/2021,8:00 a.m.,83
212,8/3/2021,12:00 p.m.,56
213,8/4/2021,8:00 a.m.,47
214,8/4/2021,12:00 p.m.,41
215,8/5/2021,8:00 a.m.,100
216,8/5/2021,12:00 p.m.,111
217,8/6/2021,8:00 a.m.,126
218,8/6/2021,12:00 p.m.,114
219,8/7/2021,8:00 a.m.,105
220,8/7/2021,12:00 p.m.,88
221,8/8/2021,5:00 a.m.,103
222,8/9/2021,8:00 a.m.,141
223,8/9/2021,12:00 p.m.,138
224,8/10/2021,8:00 a.m.,102
225,8/10/2021,12:00 p.m.,64
226,8/11/2021,8:00 a.m.,60
227,8/11/2021,12:00 p.m.,52
228,8/12/2021,8:00 a.m.,123
229,8/12/2021,12:00 p.m.,127
230,8/13/2021,8:00 a.m.,136
231,8/13/2021,12:00 p.m.,117
232,8/14/2021,8:00 a.m.,75
233,8/14/2021,12:00 p.m.,67
234,8/15/2021,5:00 a.m.,101
235,8/16/2021,8:00 a.m.,61
236,8/16/2021,12:00 p.m.,56
237,8/17/2021,8:00 a.m.,95
238,8/17/2021,12:00 p.m.,126
239,8/18/2021,8:00 a.m.,158
240,8/18/2021,12:00 p.m.,169
241,8/19/2021,8:00 a.m.,152
242,8/19/2021,12:00 p.m.,54
243,8/20/2021,8:00 a.m.,49
244,8/20/2021,12:00 p.m.,45
245,8/21/2021,8:00 a.m.,40
246,8/21/2021,12:00 p.m.,37
247,8/22/2021,5:00 a.m.,91
248,8/23/2021,8:00 a.m.,78
249,8/23/2021,12:00 p.m.,74
250,8/24/2021,8:00 a.m.,71
251,8/24/2021,12:00 p.m.,67
252,8/25/2021,8:00 a.m.,64
253,8/25/2021,12:00 p.m.,60
254,8/26/2021,8:00 a.m.,57
255,8/26/2021,12:00 p.m.,121
256,8/27/2021,8:00 a.m.,167
257,8/27/2021,12:00 p.m.,512
258,8/28/2021,8:00 a.m.,173
259,8/28/2021,12:00 p.m.,90
260,8/29/2021,5:00 a.m.,105
261,8/30/2021,8:00 a.m.,94
262,8/30/2021,12:00 p.m.,89
263,8/31/2021,8:00 a.m.,85
264,8/31/2021,12:00 p.m.,140
265,9/1/2021,8:00 a.m.,151
266,9/1/2021,12:00 p.m.,276
267,9/2/2021,8:00 a.m.,155
268,9/2/2021,12:00 p.m.,116
269,9/3/2021,8:00 a.m.,52
270,9/3/2021,12:00 p.m.,76
271,9/4/2021,8:00 a.m.,69
272,9/4/2021,12:00 p.m.,60
273,9/5/2021,5:00 a.m.,100
274,9/6/2021,8:00 a.m.,81
275,9/6/2021,12:00 p.m.,78
276,9/7/2021,8:00 a.m.,74
277,9/7/2021,12:00 p.m.,70
278,9/8/2021,8:00 a.m.,65
279,9/8/2021,12:00 p.m.,60
280,9/9/2021,8:00 a.m.,56
281,9/9/2021,12:00 p.m.,126
282,9/10/2021,8:00 a.m.,109
283,9/10/2021,12:00 p.m.,190
284,9/11/2021,8:00 a.m.,195
285,9/11/2021,12:00 p.m.,172
286,9/12/2021,5:00 a.m.,91
287,9/13/2021,8:00 a.m.,79
288,9/13/2021,12:00 p.m.,76
289,9/14/2021,8:00 a.m.,73
290,9/14/2021,12:00 p.m.,69
291,9/15/2021,8:00 a.m.,66
292,9/15/2021,12:00 p.m.,63
293,9/16/2021,8:00 a.m.,59
294,9/16/2021,12:00 p.m.,56
295,9/17/2021,8:00 a.m.,52
296,9/17/2021,12:00 p.m.,49
297,9/18/2021,8:00 a.m.,45
298,9/18/2021,12:00 p.m.,42
299,9/19/2021,5:00 a.m.,95
300,9/20/2021,8:00 a.m.,84
301,9/20/2021,12:00 p.m.,80
302,9/21/2021,8:00 a.m.,76
303,9/21/2021,12:00 p.m.,72
304,9/22/2021,8:00 a.m.,88
305,9/22/2021,12:00 p.m.,137
306,9/23/2021,8:00 a.m.,208
307,9/23/2021,12:00 p.m.,187
308,9/24/2021,8:00 a.m.,131
309,9/24/2021,12:00 p.m.,77
310,9/25/2021,8:00 a.m.,66
311,9/25/2021,12:00 p.m.,65
312,9/26/2021,5:00 a.m.,106
313,9/27/2021,8:00 a.m.,53
314,9/27/2021,12:00 p.m.,49
315,9/28/2021,8:00 a.m.,124
316,9/28/2021,12:00 p.m.,119
317,9/29/2021,8:00 a.m.,151
318,9/29/2021,12:00 p.m.,203
319,9/30/2021,8:00 a.m.,189
320,9/30/2021,12:00 p.m.,52
321,10/1/2021,8:00 a.m.,48
322,10/1/2021,12:00 p.m.,44
323,10/2/2021,8:00 a.m.,39
324,10/2/2021,12:00 p.m.,36
325,10/3/2021,5:00 a.m.,97
326,10/4/2021,8:00 a.m.,85
327,10/4/2021,12:00 p.m.,80
328,10/5/2021,8:00 a.m.,76
329,10/5/2021,12:00 p.m.,72
330,10/6/2021,8:00 a.m.,68
331,10/6/2021,12:00 p.m.,64
332,10/7/2021,8:00 a.m.,91
333,10/7/2021,12:00 p.m.,168
334,10/8/2021,8:00 a.m.,437
335,10/8/2021,12:00 p.m.,161
336,10/9/2021,8:00 a.m.,111
337,10/9/2021,12:00 p.m.,41
338,10/10/2021,5:00 a.m.,94
339,10/11/2021,8:00 a.m.,91
340,10/11/2021,12:00 p.m.,109
341,10/12/2021,8:00 a.m.,107
342,10/12/2021,12:00 p.m.,97
343,10/13/2021,8:00 a.m.,121
344,10/13/2021,12:00 p.m.,57
345,10/14/2021,8:00 a.m.,49
346,10/14/2021,12:00 p.m.,40
347,10/15/2021,8:00 a.m.,118
348,10/15/2021,12:00 p.m.,67
349,10/16/2021,8:00 a.m.,62
350,10/16/2021,12:00 p.m.,123
351,10/17/2021,5:00 a.m.,98
352,10/18/2021,8:00 a.m.,113
353,10/18/2021,12:00 p.m.,92
354,10/19/2021,8:00 a.m.,102
355,10/19/2021,12:00 p.m.,104
356,10/20/2021,8:00 a.m.,105
357,10/20/2021,12:00 p.m.,104
358,10/21/2021,8:00 a.m.,70
359,10/21/2021,12:00 p.m.,62
360,10/22/2021,8:00 a.m.,52
361,10/22/2021,12:00 p.m.,113
362,10/23/2021,8:00 a.m.,64
363,10/23/2021,12:00 p.m.,55
364,10/24/2021,5:00 a.m.,105
365,10/25/2021,8:00 a.m.,52
366,10/25/2021,12:00 p.m.,48
367,10/26/2021,8:00 a.m.,45
368,10/26/2021,12:00 p.m.,40
369,10/27/2021,8:00 a.m.,121
370,10/27/2021,12:00 p.m.,145
371,10/28/2021,8:00 a.m.,199
372,10/28/2021,12:00 p.m.,202
373,10/29/2021,8:00 a.m.,157
374,10/29/2021,12:00 p.m.,81
375,10/30/2021,8:00 a.m.,76
376,10/30/2021,12:00 p.m.,72
377,10/31/2021,5:00 a.m.,103
378,11/1/2021,8:00 a.m.,91
379,11/1/2021,12:00 p.m.,87
380,11/2/2021,8:00 a.m.,82
381,11/2/2021,12:00 p.m.,78
382,11/3/2021,8:00 a.m.,73
383,11/3/2021,12:00 p.m.,133
384,11/4/2021,8:00 a.m.,206
385,11/4/2021,12:00 p.m.,484
386,11/5/2021,8:00 a.m.,156
387,11/5/2021,12:00 p.m.,104
388,11/6/2021,8:00 a.m.,53
389,11/6/2021,12:00 p.m.,68
390,11/7/2021,5:00 a.m.,92
391,11/8/2021,8:00 a.m.,62
392,11/8/2021,12:00 p.m.,52
393,11/9/2021,8:00 a.m.,45
394,11/9/2021,12:00 p.m.,122
395,11/10/2021,8:00 a.m.,66
396,11/10/2021,12:00 p.m.,55
397,11/11/2021,8:00 a.m.,112
398,11/11/2021,12:00 p.m.,95
399,11/12/2021,8:00 a.m.,121
400,11/12/2021,12:00 p.m.,114
401,11/13/2021,8:00 a.m.,120
402,11/13/2021,12:00 p.m.,97
403,11/14/2021,5:00 a.m.,108
404,11/15/2021,8:00 a.m.,61
405,11/15/2021,12:00 p.m.,57
406,11/16/2021,8:00 a.m.,54
407,11/16/2021,12:00 p.m.,50
408,11/17/2021,8:00 a.m.,46
409,11/17/2021,12:00 p.m.,43
410,11/18/2021,8:00 a.m.,125
411,11/18/2021,12:00 p.m.,139
412,11/19/2021,8:00 a.m.,166
413,11/19/2021,12:00 p.m.,216
414,11/20/2021,8:00 a.m.,177
415,11/20/2021,12:00 p.m.,70
416,11/21/2021,5:00 a.m.,108
417,11/22/2021,8:00 a.m.,95
418,11/22/2021,12:00 p.m.,90
419,11/23/2021,8:00 a.m.,87
420,11/23/2021,12:00 p.m.,84
421,11/24/2021,8:00 a.m.,80
422,11/24/2021,12:00 p.m.,76
423,11/25/2021,8:00 a.m.,71
424,11/25/2021,12:00 p.m.,67
425,11/26/2021,8:00 a.m.,63
426,11/26/2021,12:00 p.m.,58
427,11/27/2021,8:00 a.m.,53
428,11/27/2021,12:00 p.m.,49
429,11/28/2021,5:00 a.m.,90
430,11/29/2021,8:00 a.m.,78
431,11/29/2021,12:00 p.m.,75
432,11/30/2021,8:00 a.m.,71
433,11/30/2021,12:00 p.m.,67
434,12/1/2021,8:00 a.m.,63
435,12/1/2021,12:00 p.m.,59
436,12/2/2021,8:00 a.m.,102
437,12/2/2021,12:00 p.m.,158
438,12/3/2021,8:00 a.m.,267
439,12/3/2021,12:00 p.m.,140
440,12/4/2021,8:00 a.m.,87
441,12/4/2021,12:00 p.m.,57
442,12/5/2021,5:00 a.m.,91
443,12/6/2021,8:00 a.m.,65
444,12/6/2021,12:00 p.m.,61
445,12/7/2021,8:00 a.m.,121
446,12/7/2021,12:00 p.m.,99
447,12/8/2021,8:00 a.m.,143
448,12/8/2021,12:00 p.m.,150
449,12/9/2021,8:00 a.m.,134
450,12/9/2021,12:00 p.m.,55
451,12/10/2021,8:00 a.m.,51
452,12/10/2021,12:00 p.m.,48
453,12/11/2021,8:00 a.m.,44
454,12/11/2021,12:00 p.m.,40
455,12/12/2021,5:00 a.m.,107
456,12/13/2021,8:00 a.m.,78
457,12/13/2021,12:00 p.m.,70
458,12/14/2021,8:00 a.m.,62
459,12/14/2021,12:00 p.m.,121
460,12/15/2021,8:00 a.m.,70
461,12/15/2021,12:00 p.m.,60
462,12/16/2021,8:00 a.m.,98
463,12/16/2021,12:00 p.m.,144
464,12/17/2021,8:00 a.m.,136
465,12/17/2021,12:00 p.m.,139
466,12/18/2021,8:00 a.m.,124
467,12/18/2021,12:00 p.m.,125
468,12/19/2021,5:00 a.m.,98
469,12/20/2021,8:00 a.m.,85
470,12/20/2021,12:00 p.m.,80
471,12/21/2021,8:00 a.m.,76
472,12/21/2021,12:00 p.m.,71
473,12/22/2021,8:00 a.m.,67
474,12/22/2021,12:00 p.m.,63
475,12/23/2021,8:00 a.m.,59
476,12/23/2021,12:00 p.m.,56
477,12/24/2021,8:00 a.m.,52
478,12/24/2021,12:00 p.m.,49
479,12/25/2021,8:00 a.m.,45
480,12/25/2021,12:00 p.m.,41
481,12/26/2021,5:00 a.m.,92
482,12/27/2021,8:00 a.m.,82
484,12/28/2021,8:00 a.m.,75
485,12/28/2021,12:00 p.m.,71
486,12/29/2021,8:00 a.m.,67
487,12/29/2021,12:00 p.m.,64
488,12/30/2021,8:00 a.m.,60
489,12/30/2021,12:00 p.m.,86
490,12/31/2021,8:00 a.m.,135
491,12/31/2021,12:00 p.m.,341
492,1/1/2022,8:00 a.m.,131
493,1/1/2022,12:00 p.m.,119
494,1/2/2022,5:00 a.m.,104
495,1/3/2022,8:00 a.m.,91
496,1/3/2022,12:00 p.m.,86
497,1/4/2022,8:00 a.m.,82
498,1/4/2022,12:00 p.m.,78
499,1/5/2022,8:00 a.m.,110
500,1/5/2022,12:00 p.m.,170
501,1/6/2022,8:00 a.m.,245
502,1/6/2022,12:00 p.m.,165
503,1/7/2022,8:00 a.m.,131
504,1/7/2022,12:00 p.m.,71
505,1/8/2022,8:00 a.m.,48
506,1/8/2022,12:00 p.m.,63
508,1/10/2022,8:00 a.m.,63
509,1/10/2022,12:00 p.m.,123
510,1/11/2022,8:00 a.m.,96
511,1/11/2022,12:00 p.m.,149
512,1/12/2022,8:00 a.m.,182
513,1/12/2022,12:00 p.m.,152
514,1/13/2022,8:00 a.m.,54
515,1/13/2022,12:00 p.m.,50
516,1/14/2022,8:00 a.m.,45
517,1/14/2022,12:00 p.m.,41
518,1/15/2022,8:00 a.m.,37
519,1/15/2022,12:00 p.m.,33
520,1/16/2022,5:00 a.m.,108
521,1/17/2022,8:00 a.m.,92
522,1/17/2022,12:00 p.m.,89
523,1/18/2022,8:00 a.m.,83
524,1/18/2022,12:00 p.m.,78
525,1/19/2022,8:00 a.m.,74
526,1/19/2022,12:00 p.m.,70
527,1/20/2022,8:00 a.m.,64
528,1/20/2022,12:00 p.m.,61
529,1/21/2022,8:00 a.m.,57
530,1/21/2022,12:00 p.m.,54
531,1/22/2022,8:00 a.m.,47
532,1/22/2022,12:00 p.m.,43
533,1/23/2022,5:00 a.m.,103
534,1/24/2022,8:00 a.m.,91
535,1/24/2022,12:00 p.m.,87
536,1/25/2022,8:00 a.m.,84
537,1/25/2022,12:00 p.m.,79
538,1/26/2022,8:00 a.m.,104
539,1/26/2022,12:00 p.m.,194
540,1/27/2022,8:00 a.m.,335
541,1/27/2022,12:00 p.m.,184
542,1/28/2022,8:00 a.m.,120
543,1/28/2022,12:00 p.m.,67
544,1/29/2022,8:00 a.m.,88
545,1/29/2022,12:00 p.m.,87
546,1/30/2022,5:00 a.m.,97
547,1/31/2022,8:00 a.m.,98
548,1/31/2022,12:00 p.m.,64
549,2/1/2022,8:00 a.m.,55
550,2/1/2022,12:00 p.m.,48
551,2/2/2022,8:00 a.m.,123
552,2/2/2022,12:00 p.m.,127
553,2/3/2022,8:00 a.m.,91
554,2/3/2022,12:00 p.m.,131
555,2/4/2022,8:00 a.m.,68
556,2/4/2022,12:00 p.m.,63
557,2/5/2022,8:00 a.m.,133
558,2/5/2022,12:00 p.m.,98
559,2/6/2022,5:00 a.m.,94
561,2/7/2022,12:00 p.m.,77
562,2/8/2022,8:00 a.m.,72
563,2/8/2022,12:00 p.m.,69
564,2/9/2022,8:00 a.m.,65
565,2/9/2022,12:00 p.m.,60
566,2/10/2022,8:00 a.m.,57
567,2/10/2022,12:00 p.m.,53
568,2/11/2022,8:00 a.m.,49
569,2/11/2022,12:00 p.m.,45
570,2/12/2022,8:00 a.m.,41
571,2/12/2022,12:00 p.m.,38
572,2/13/2022,5:00 a.m.,98
573,2/14/2022,8:00 a.m.,87
574,2/14/2022,12:00 p.m.,83
575,2/15/2022,8:00 a.m.,89
576,2/15/2022,12:00 p.m.,175
577,2/16/2022,8:00 a.m.,446
578,2/16/2022,12:00 p.m.,146
579,2/17/2022,8:00 a.m.,114
580,2/17/2022,12:00 p.m.,56
581,2/18/2022,8:00 a.m.,53
582,2/18/2022,12:00 p.m.,79
583,2/19/2022,8:00 a.m.,62
584,2/19/2022,12:00 p.m.,61
585,2/20/2022,5:00 a.m.,109
586,2/21/2022,8:00 a.m.,71
587,2/21/2022,12:00 p.m.,63
588,2/22/2022,8:00 a.m.,58
589,2/22/2022,12:00 p.m.,150
590,2/23/2022,8:00 a.m.,85
591,2/23/2022,12:00 p.m.,78
592,2/24/2022,8:00 a.m.,145
593,2/24/2022,12:00 p.m.,121
594,2/25/2022,8:00 a.m.,121
595,2/25/2022,12:00 p.m.,146
596,2/26/2022,8:00 a.m.,147
597,2/26/2022,12:00 p.m.,152
598,2/27/2022,5:00 a.m.,102
599,2/28/2022,8:00 a.m.,88
600,2/28/2022,12:00 p.m.,85
601,3/1/2022,8:00 a.m.,80
602,3/1/2022,12:00 p.m.,77
603,3/2/2022,8:00 a.m.,73
604,3/2/2022,12:00 p.m.,68
605,3/3/2022,8:00 a.m.,116
606,3/3/2022,12:00 p.m.,200
607,3/4/2022,8:00 a.m.,280
608,3/4/2022,12:00 p.m.,178
609,3/5/2022,8:00 a.m.,95
610,3/5/2022,12:00 p.m.,90
611,3/6/2022,5:00 a.m.,90
612,3/7/2022,8:00 a.m.,84
613,3/7/2022,12:00 p.m.,57
614,3/8/2022,8:00 a.m.,53
615,3/8/2022,12:00 p.m.,101
616,3/9/2022,8:00 a.m.,123
617,3/9/2022,12:00 p.m.,85
618,3/10/2022,8:00 a.m.,118
619,3/10/2022,12:00 p.m.,100
620,3/11/2022,8:00 a.m.,124
621,3/11/2022,12:00 p.m.,58
622,3/12/2022,8:00 a.m.,50
623,3/12/2022,12:00 p.m.,43
624,3/13/2022,5:00 a.m.,91
625,3/14/2022,8:00 a.m.,79
626,3/14/2022,12:00 p.m.,76
627,3/15/2022,8:00 a.m.,72
628,3/15/2022,12:00 p.m.,68
629,3/16/2022,8:00 a.m.,63
630,3/16/2022,12:00 p.m.,59
631,3/17/2022,8:00 a.m.,56
632,3/17/2022,12:00 p.m.,122
633,3/18/2022,8:00 a.m.,118
634,3/18/2022,12:00 p.m.,140
635,3/19/2022,8:00 a.m.,182
636,3/19/2022,12:00 p.m.,174
637,3/20/2022,5:00 a.m.,100
638,3/21/2022,8:00 a.m.,91
639,3/21/2022,12:00 p.m.,129
640,3/22/2022,8:00 a.m.,91
641,3/22/2022,12:00 p.m.,131
642,3/23/2022,8:00 a.m.,75
643,3/23/2022,12:00 p.m.,67
644,3/24/2022,8:00 a.m.,125
645,3/24/2022,12:00 p.m.,101
646,3/25/2022,8:00 a.m.,62
647,3/25/2022,12:00 p.m.,54
648,3/26/2022,8:00 a.m.,48
649,3/26/2022,12:00 p.m.,120
650,3/27/2022,5:00 a.m.,91
651,3/28/2022,8:00 a.m.,79
652,3/28/2022,12:00 p.m.,87
653,3/29/2022,8:00 a.m.,179
654,3/29/2022,12:00 p.m.,329
655,3/30/2022,8:00 a.m.,157
656,3/30/2022,12:00 p.m.,113
657,3/31/2022,8:00 a.m.,39
658,3/31/2022,12:00 p.m.,73
659,4/1/2022,8:00 a.m.,82
660,4/1/2022,12:00 p.m.,65
661,4/2/2022,8:00 a.m.,61
662,4/2/2022,12:00 p.m.,78
663,4/3/2022,5:00 a.m.,109
664,4/4/2022,8:00 a.m.,112
665,4/4/2022,12:00 p.m.,84
666,4/5/2022,8:00 a.m.,74
667,4/5/2022,12:00 p.m.,63
668,4/6/2022,8:00 a.m.,135
669,4/6/2022,12:00 p.m.,117
670,4/7/2022,8:00 a.m.,106
671,4/7/2022,12:00 p.m.,68
672,4/8/2022,8:00 a.m.,61
673,4/8/2022,12:00 p.m.,147
674,4/9/2022,8:00 a.m.,135
675,4/9/2022,12:00 p.m.,147
676,4/10/2022,5:00 a.m.,92
677,4/11/2022,8:00 a.m.,79
678,4/11/2022,12:00 p.m.,76
679,4/12/2022,8:00 a.m.,73
680,4/12/2022,12:00 p.m.,69
681,4/13/2022,8:00 a.m.,65
682,4/13/2022,12:00 p.m.,60
683,4/14/2022,8:00 a.m.,57
684,4/14/2022,12:00 p.m.,53
685,4/15/2022,8:00 a.m.,49
686,4/15/2022,12:00 p.m.,47
687,4/16/2022,8:00 a.m.,43
688,4/16/2022,12:00 p.m.,40
689,4/17/2022,5:00 a.m.,100
690,4/18/2022,8:00 a.m.,88
691,4/18/2022,12:00 p.m.,111
692,4/19/2022,8:00 a.m.,161
693,4/19/2022,12:00 p.m.,505
694,4/20/2022,8:00 a.m.,171
695,4/20/2022,12:00 p.m.,121
696,4/21/2022,8:00 a.m.,70
697,4/21/2022,12:00 p.m.,68
698,4/22/2022,8:00 a.m.,79
699,4/22/2022,12:00 p.m.,70
700,4/23/2022,8:00 a.m.,45
701,4/23/2022,12:00 p.m.,42
702,4/24/2022,5:00 a.m.,103
703,4/25/2022,8:00 a.m.,119
704,4/25/2022,12:00 p.m.,80
705,4/26/2022,8:00 a.m.,74
706,4/26/2022,12:00 p.m.,125
707,4/27/2022,8:00 a.m.,140
708,4/27/2022,12:00 p.m.,140
709,4/28/2022,8:00 a.m.,104
710,4/28/2022,12:00 p.m.,140
711,4/29/2022,8:00 a.m.,113
712,4/29/2022,12:00 p.m.,65
713,4/30/2022,8:00 a.m.,55
714,4/30/2022,12:00 p.m.,50
715,5/1/2022,5:00 a.m.,97
716,5/2/2022,8:00 a.m.,83
717,5/2/2022,12:00 p.m.,78
718,5/3/2022,8:00 a.m.,74
719,5/3/2022,12:00 p.m.,69
720,5/4/2022,8:00 a.m.,65
721,5/4/2022,12:00 p.m.,61
722,5/5/2022,8:00 a.m.,58
723,5/5/2022,12:00 p.m.,104
724,5/6/2022,8:00 a.m.,191
725,5/6/2022,12:00 p.m.,232
726,5/7/2022,8:00 a.m.,176
727,5/7/2022,12:00 p.m.,107
728,5/8/2022,5:00 a.m.,105
729,5/9/2022,8:00 a.m.,93
730,5/9/2022,12:00 p.m.,88
731,5/10/2022,8:00 a.m.,84
732,5/10/2022,12:00 p.m.,80
733,5/11/2022,8:00 a.m.,76
734,5/11/2022,12:00 p.m.,72
735,5/12/2022,8:00 a.m.,68
736,5/12/2022,12:00 p.m.,63
737,5/13/2022,8:00 a.m.,60
738,5/13/2022,12:00 p.m.,56
739,5/14/2022,8:00 a.m.,53
740,5/14/2022,12:00 p.m.,49
741,5/15/2022,5:00 a.m.,103
742,5/16/2022,8:00 a.m.,45
743,5/16/2022,12:00 p.m.,106
744,5/17/2022,8:00 a.m.,128
745,5/17/2022,12:00 p.m.,154
746,5/18/2022,8:00 a.m.,158
747,5/18/2022,12:00 p.m.,154
748,5/19/2022,8:00 a.m.,68
749,5/19/2022,12:00 p.m.,64
750,5/20/2022,8:00 a.m.,60
751,5/20/2022,12:00 p.m.,56
752,5/21/2022,8:00 a.m.,53
753,5/21/2022,12:00 p.m.,49
754,5/22/2022,5:00 a.m.,94
755,5/23/2022,8:00 a.m.,81
756,5/23/2022,12:00 p.m.,77
757,5/24/2022,8:00 a.m.,73
758,5/24/2022,12:00 p.m.,69
759,5/25/2022,8:00 a.m.,127
760,5/25/2022,12:00 p.m.,147
761,5/26/2022,8:00 a.m.,533
762,5/26/2022,12:00 p.m.,166
763,5/27/2022,8:00 a.m.,129
764,5/27/2022,12:00 p.m.,55
765,5/28/2022,8:00 a.m.,73
766,5/28/2022,12:00 p.m.,65
767,5/29/2022,5:00 a.m.,106
768,5/30/2022,8:00 a.m.,82
769,5/30/2022,12:00 p.m.,75
770,5/31/2022,8:00 a.m.,66
771,5/31/2022,12:00 p.m.,138
772,6/1/2022,8:00 a.m.,149
773,6/1/2022,12:00 p.m.,123
774,6/2/2022,8:00 a.m.,100
775,6/2/2022,12:00 p.m.,77
776,6/3/2022,8:00 a.m.,62
777,6/3/2022,12:00 p.m.,103
778,6/4/2022,8:00 a.m.,148
779,6/4/2022,12:00 p.m.,125
780,6/5/2022,5:00 a.m.,99
781,6/6/2022,8:00 a.m.,78
782,6/6/2022,12:00 p.m.,132
783,6/7/2022,8:00 a.m.,110
784,6/7/2022,12:00 p.m.,139
785,6/8/2022,8:00 a.m.,192
786,6/8/2022,12:00 p.m.,159
787,6/9/2022,8:00 a.m.,86
788,6/9/2022,12:00 p.m.,82
789,6/10/2022,8:00 a.m.,78
790,6/10/2022,12:00 p.m.,74
791,6/11/2022,8:00 a.m.,69
792,6/11/2022,12:00 p.m.,65
793,6/12/2022,5:00 a.m.,92
794,6/13/2022,8:00 a.m.,80
795,6/13/2022,12:00 p.m.,76
796,6/14/2022,8:00 a.m.,72
797,6/14/2022,12:00 p.m.,69
798,6/15/2022,8:00 a.m.,65
799,6/15/2022,12:00 p.m.,62
800,6/16/2022,8:00 a.m.,59
801,6/16/2022,12:00 p.m.,109
802,6/17/2022,8:00 a.m.,159
803,6/17/2022,12:00 p.m.,541
804,6/18/2022,8:00 a.m.,158
805,6/18/2022,12:00 p.m.,121
806,6/19/2022,5:00 a.m.,110
807,6/20/2022,8:00 a.m.,95
808,6/20/2022,12:00 p.m.,92
809,6/21/2022,8:00 a.m.,88
810,6/21/2022,12:00 p.m.,83
811,6/22/2022,8:00 a.m.,78
812,6/22/2022,12:00 p.m.,73
813,6/23/2022,8:00 a.m.,70
814,6/23/2022,12:00 p.m.,65
815,6/24/2022,8:00 a.m.,60
816,6/24/2022,12:00 p.m.,55
817,6/25/2022,8:00 a.m.,51
818,6/25/2022,12:00 p.m.,46
819,6/26/2022,5:00 a.m.,110
820,6/27/2022,8:00 a.m.,151
821,6/27/2022,12:00 p.m.,133
822,6/28/2022,8:00 a.m.,129
823,6/28/2022,12:00 p.m.,134
824,6/29/2022,8:00 a.m.,142
825,6/29/2022,12:00 p.m.,117
826,6/30/2022,8:00 a.m.,80
827,6/30/2022,12:00 p.m.,74
828,7/1/2022,8:00 a.m.,130
829,7/1/2022,12:00 p.m.,82
830,7/2/2022,8:00 a.m.,77
831,7/2/2022,12:00 p.m.,70
832,7/3/2022,5:00 a.m.,97
833,7/4/2022,8:00 a.m.,73
834,7/4/2022,12:00 p.m.,69
835,7/5/2022,8:00 a.m.,64
836,7/5/2022,12:00 p.m.,117
837,7/6/2022,8:00 a.m.,88
838,7/6/2022,12:00 p.m.,157
839,7/7/2022,8:00 a.m.,162
840,7/7/2022,12:00 p.m.,159
841,7/8/2022,8:00 a.m.,85
842,7/8/2022,12:00 p.m.,80
843,7/9/2022,8:00 a.m.,76
844,7/9/2022,12:00 p.m.,73
845,7/10/2022,5:00 a.m.,102
846,7/11/2022,8:00 a.m.,58
847,7/11/2022,12:00 p.m.,95
848,7/12/2022,8:00 a.m.,109
849,7/12/2022,12:00 p.m.,148
850,7/13/2022,8:00 a.m.,172
851,7/13/2022,12:00 p.m.,160
852,7/14/2022,8:00 a.m.,46
853,7/14/2022,12:00 p.m.,41
854,7/15/2022,8:00 a.m.,36
855,7/15/2022,12:00 p.m.,32
856,7/16/2022,8:00 a.m.,29
857,7/16/2022,12:00 p.m.,24
858,7/17/2022,5:00 a.m.,102
859,7/18/2022,8:00 a.m.,107
860,7/18/2022,12:00 p.m.,140
861,7/19/2022,8:00 a.m.,122
862,7/19/2022,12:00 p.m.,96
863,7/20/2022,8:00 a.m.,137
864,7/20/2022,12:00 p.m.,131
865,7/21/2022,8:00 a.m.,63
866,7/21/2022,12:00 p.m.,56
867,7/22/2022,8:00 a.m.,110
868,7/22/2022,12:00 p.m.,68
869,7/23/2022,8:00 a.m.,63
870,7/23/2022,12:00 p.m.,57
871,7/24/2022,5:00 a.m.,104
872,7/25/2022,8:00 a.m.,92
873,7/25/2022,12:00 p.m.,88
874,7/26/2022,8:00 a.m.,84
875,7/26/2022,12:00 p.m.,80
876,7/27/2022,8:00 a.m.,76
877,7/27/2022,12:00 p.m.,70
878,7/28/2022,8:00 a.m.,66
879,7/28/2022,12:00 p.m.,63
880,7/29/2022,8:00 a.m.,59
881,7/29/2022,12:00 p.m.,54
882,7/30/2022,8:00 a.m.,49
883,7/30/2022,12:00 p.m.,45
884,7/31/2022,5:00 a.m.,108
885,8/1/2022,8:00 a.m.,90
886,8/1/2022,12:00 p.m.,86
887,8/2/2022,8:00 a.m.,144
888,8/2/2022,12:00 p.m.,128
889,8/3/2022,8:00 a.m.,185
890,8/3/2022,12:00 p.m.,200
891,8/4/2022,8:00 a.m.,168
892,8/4/2022,12:00 p.m.,63
893,8/5/2022,8:00 a.m.,58
894,8/5/2022,12:00 p.m.,54
895,8/6/2022,8:00 a.m.,50
896,8/6/2022,12:00 p.m.,46
897,8/7/2022,5:00 a.m.,99
898,8/8/2022,8:00 a.m.,86
899,8/8/2022,12:00 p.m.,82
901,8/9/2022,12:00 p.m.,72
902,8/10/2022,8:00 a.m.,67
903,8/10/2022,12:00 p.m.,62
904,8/11/2022,8:00 a.m.,59
905,8/11/2022,12:00 p.m.,55
906,8/12/2022,8:00 a.m.,51
907,8/12/2022,12:00 p.m.,46
908,8/13/2022,8:00 a.m.,42
909,8/13/2022,12:00 p.m.,38
910,8/14/2022,5:00 a.m.,105
911,8/15/2022,8:00 a.m.,143
912,8/15/2022,12:00 p.m.,125
913,8/16/2022,8:00 a.m.,150
914,8/16/2022,12:00 p.m.,154
915,8/17/2022,8:00 a.m.,149
916,8/17/2022,12:00 p.m.,76
917,8/18/2022,8:00 a.m.,73
918,8/18/2022,12:00 p.m.,69
919,8/19/2022,8:00 a.m.,65
920,8/19/2022,12:00 p.m.,60
921,8/20/2022,8:00 a.m.,55
922,8/20/2022,12:00 p.m.,51
923,8/21/2022,5:00 a.m.,100
924,8/22/2022,8:00 a.m.,87
925,8/22/2022,12:00 p.m.,82
926,8/23/2022,8:00 a.m.,78
927,8/23/2022,12:00 p.m.,73
928,8/24/2022,8:00 a.m.,69
929,8/24/2022,12:00 p.m.,66
930,8/25/2022,8:00 a.m.,61
931,8/25/2022,12:00 p.m.,57
932,8/26/2022,8:00 a.m.,54
933,8/26/2022,12:00 p.m.,49
934,8/27/2022,8:00 a.m.,46
935,8/27/2022,12:00 p.m.,42
936,8/28/2022,5:00 a.m.,102
937,8/29/2022,8:00 a.m.,88
938,8/29/2022,12:00 p.m.,83
939,8/30/2022,8:00 a.m.,79
940,8/30/2022,12:00 p.m.,75
941,8/31/2022,8:00 a.m.,70
942,8/31/2022,12:00 p.m.,65
943,9/1/2022,8:00 a.m.,61
944,9/1/2022,12:00 p.m.,56
945,9/2/2022,8:00 a.m.,54
946,9/2/2022,12:00 p.m.,50
947,9/3/2022,8:00 a.m.,45
948,9/3/2022,12:00 p.m.,40
949,9/4/2022,5:00 a.m.,93
950,9/5/2022,8:00 a.m.,82
951,9/5/2022,12:00 p.m.,79
952,9/6/2022,8:00 a.m.,75
953,9/6/2022,12:00 p.m.,72
954,9/7/2022,8:00 a.m.,68
955,9/7/2022,12:00 p.m.,117
956,9/8/2022,8:00 a.m.,139
957,9/8/2022,12:00 p.m.,297
958,9/9/2022,8:00 a.m.,166
959,9/9/2022,12:00 p.m.,88
960,9/10/2022,8:00 a.m.,65
961,9/10/2022,12:00 p.m.,49
962,9/11/2022,5:00 a.m.,97
963,9/12/2022,8:00 a.m.,105
964,9/12/2022,12:00 p.m.,89
965,9/13/2022,8:00 a.m.,78
966,9/13/2022,12:00 p.m.,70
967,9/14/2022,8:00 a.m.,98
968,9/14/2022,12:00 p.m.,104
969,9/15/2022,8:00 a.m.,107
970,9/15/2022,12:00 p.m.,101
971,9/16/2022,8:00 a.m.,119
972,9/16/2022,12:00 p.m.,73
973,9/17/2022,8:00 a.m.,65
974,9/17/2022,12:00 p.m.,60
975,9/18/2022,5:00 a.m.,110
976,9/19/2022,8:00 a.m.,89
977,9/19/2022,12:00 p.m.,80
978,9/20/2022,8:00 a.m.,125
979,9/20/2022,12:00 p.m.,107
980,9/21/2022,8:00 a.m.,190
981,9/21/2022,12:00 p.m.,200
982,9/22/2022,8:00 a.m.,180
983,9/22/2022,12:00 p.m.,61
984,9/23/2022,8:00 a.m.,57
985,9/23/2022,12:00 p.m.,52
986,9/24/2022,8:00 a.m.,47
987,9/24/2022,12:00 p.m.,43
988,9/25/2022,5:00 a.m.,92
989,9/26/2022,8:00 a.m.,79
990,9/26/2022,12:00 p.m.,76
991,9/27/2022,8:00 a.m.,72
992,9/27/2022,12:00 p.m.,68
993,9/28/2022,8:00 a.m.,100
994,9/28/2022,12:00 p.m.,174
995,9/29/2022,8:00 a.m.,380
996,9/29/2022,12:00 p.m.,161
997,9/30/2022,8:00 a.m.,115
998,9/30/2022,12:00 p.m.,58
999,10/1/2022,8:00 a.m.,59
1000,10/1/2022,12:00 p.m.,40
1001,10/2/2022,5:00 a.m.,106
1002,10/3/2022,8:00 a.m.,74
1003,10/3/2022,12:00 p.m.,96
1004,10/4/2022,8:00 a.m.,118
1005,10/4/2022,12:00 p.m.,149
1006,10/5/2022,8:00 a.m.,153
1007,10/5/2022,12:00 p.m.,149
1008,10/6/2022,8:00 a.m.,69
1009,10/6/2022,12:00 p.m.,58
1010,10/7/2022,8:00 a.m.,55
1011,10/7/2022,12:00 p.m.,51
1012,10/8/2022,8:00 a.m.,47
1013,10/8/2022,12:00 p.m.,42
1014,10/9/2022,5:00 a.m.,98
1015,10/10/2022,8:00 a.m.,67
1016,10/10/2022,12:00 p.m.,63
1017,10/11/2022,8:00 a.m.,59
1018,10/11/2022,12:00 p.m.,116
1019,10/12/2022,8:00 a.m.,91
1020,10/12/2022,12:00 p.m.,186
1021,10/13/2022,8:00 a.m.,188
1022,10/13/2022,12:00 p.m.,171
1023,10/14/2022,8:00 a.m.,51
1024,10/14/2022,12:00 p.m.,47
1025,10/15/2022,8:00 a.m.,42
1026,10/15/2022,12:00 p.m.,38
1027,10/16/2022,5:00 a.m.,103
1028,10/17/2022,8:00 a.m.,93
1029,10/17/2022,12:00 p.m.,88
1030,10/18/2022,8:00 a.m.,84
1031,10/18/2022,12:00 p.m.,142
1032,10/19/2022,8:00 a.m.,183
1033,10/19/2022,12:00 p.m.,270
1034,10/20/2022,8:00 a.m.,200
1035,10/20/2022,12:00 p.m.,110
1036,10/21/2022,8:00 a.m.,92
1037,10/21/2022,12:00 p.m.,76
1038,10/22/2022,8:00 a.m.,86
1039,10/22/2022,12:00 p.m.,71
1040,10/23/2022,5:00 a.m.,110
1041,10/24/2022,8:00 a.m.,124
1042,10/24/2022,12:00 p.m.,69
1043,10/25/2022,8:00 a.m.,63
1044,10/25/2022,12:00 p.m.,54
1045,10/26/2022,8:00 a.m.,104
1046,10/26/2022,12:00 p.m.,136
1047,10/27/2022,8:00 a.m.,136
1048,10/27/2022,12:00 p.m.,123
1049,10/28/2022,8:00 a.m.,144
1050,10/28/2022,12:00 p.m.,149
1051,10/29/2022,8:00 a.m.,80
1052,10/29/2022,12:00 p.m.,70
1053,10/30/2022,5:00 a.m.,94
1054,10/31/2022,8:00 a.m.,93
1055,10/31/2022,12:00 p.m.,129
1056,11/1/2022,8:00 a.m.,86
1057,11/1/2022,12:00 p.m.,68
1058,11/2/2022,8:00 a.m.,63
1059,11/2/2022,12:00 p.m.,56
1060,11/3/2022,8:00 a.m.,126
1061,11/3/2022,12:00 p.m.,103
1062,11/4/2022,8:00 a.m.,88
1063,11/4/2022,12:00 p.m.,113
1064,11/5/2022,8:00 a.m.,64
1065,11/5/2022,12:00 p.m.,66
1066,11/6/2022,5:00 a.m.,96
1067,11/7/2022,8:00 a.m.,87
1068,11/7/2022,12:00 p.m.,83
1069,11/8/2022,8:00 a.m.,79
1070,11/8/2022,12:00 p.m.,74
1071,11/9/2022,8:00 a.m.,71
1072,11/9/2022,12:00 p.m.,68
1073,11/10/2022,8:00 a.m.,63
1074,11/10/2022,12:00 p.m.,59
1075,11/11/2022,8:00 a.m.,54
1076,11/11/2022,12:00 p.m.,50
1077,11/12/2022,8:00 a.m.,45
1078,11/12/2022,12:00 p.m.,41
1079,11/13/2022,5:00 a.m.,92
1080,11/14/2022,8:00 a.m.,83
1081,11/14/2022,12:00 p.m.,80
1082,11/15/2022,8:00 a.m.,76
1083,11/15/2022,12:00 p.m.,72
1084,11/16/2022,8:00 a.m.,105
1085,11/16/2022,12:00 p.m.,172
1086,11/17/2022,8:00 a.m.,442
1087,11/17/2022,12:00 p.m.,179
1088,11/18/2022,8:00 a.m.,119
1089,11/18/2022,12:00 p.m.,66
1090,11/19/2022,8:00 a.m.,69
1091,11/19/2022,12:00 p.m.,69
1092,11/20/2022,5:00 a.m.,103
1093,11/21/2022,8:00 a.m.,66
1094,11/21/2022,12:00 p.m.,63
1095,11/22/2022,8:00 a.m.,57
1096,11/22/2022,12:00 p.m.,53
1097,11/23/2022,8:00 a.m.,49
1098,11/23/2022,12:00 p.m.,100
1099,11/24/2022,8:00 a.m.,129
1100,11/24/2022,12:00 p.m.,177
1101,11/25/2022,8:00 a.m.,195
1102,11/25/2022,12:00 p.m.,146
1103,11/26/2022,8:00 a.m.,52
1104,11/26/2022,12:00 p.m.,48
1105,11/27/2022,5:00 a.m.,97
1106,11/28/2022,8:00 a.m.,85
1107,11/28/2022,12:00 p.m.,124
1108,11/29/2022,8:00 a.m.,148
1109,11/29/2022,12:00 p.m.,468
1110,11/30/2022,8:00 a.m.,167
1111,11/30/2022,12:00 p.m.,123
1112,12/1/2022,8:00 a.m.,48
1113,12/1/2022,12:00 p.m.,81
1114,12/2/2022,8:00 a.m.,53
1115,12/2/2022,12:00 p.m.,61
1116,12/3/2022,8:00 a.m.,69
1117,12/3/2022,12:00 p.m.,57
1118,12/4/2022,5:00 a.m.,95
1119,12/5/2022,8:00 a.m.,98
1120,12/5/2022,12:00 p.m.,100
1121,12/6/2022,8:00 a.m.,122
1122,12/6/2022,12:00 p.m.,115
1123,12/7/2022,8:00 a.m.,117
1124,12/7/2022,12:00 p.m.,98
1125,12/8/2022,8:00 a.m.,63
1126,12/8/2022,12:00 p.m.,58
1127,12/9/2022,8:00 a.m.,50
1128,12/9/2022,12:00 p.m.,129
1129,12/10/2022,8:00 a.m.,76
1130,12/10/2022,12:00 p.m.,69
1131,12/11/2022,5:00 a.m.,94
1132,12/12/2022,8:00 a.m.,83
1133,12/12/2022,12:00 p.m.,79
1134,12/13/2022,8:00 a.m.,75
1135,12/13/2022,12:00 p.m.,72
1136,12/14/2022,8:00 a.m.,67
1137,12/14/2022,12:00 p.m.,64
1138,12/15/2022,8:00 a.m.,61
1139,12/15/2022,12:00 p.m.,57
1140,12/16/2022,8:00 a.m.,53
1141,12/16/2022,12:00 p.m.,50
1142,12/17/2022,8:00 a.m.,46
1143,12/17/2022,12:00 p.m.,42
1144,12/18/2022,5:00 a.m.,93
1145,12/19/2022,8:00 a.m.,57
1146,12/19/2022,12:00 p.m.,53
1147,12/20/2022,8:00 a.m.,49
1148,12/20/2022,12:00 p.m.,44
1149,12/21/2022,8:00 a.m.,40
1150,12/21/2022,12:00 p.m.,108
1151,12/22/2022,8:00 a.m.,85
1152,12/22/2022,12:00 p.m.,152
1153,12/23/2022,8:00 a.m.,161
1154,12/23/2022,12:00 p.m.,143
1155,12/24/2022,8:00 a.m.,38
1156,12/24/2022,12:00 p.m.,35
1157,12/25/2022,5:00 a.m.,104
1158,12/26/2022,8:00 a.m.,82
1159,12/26/2022,12:00 p.m.,79
1160,12/27/2022,8:00 a.m.,76
1161,12/27/2022,12:00 p.m.,71
1162,12/28/2022,8:00 a.m.,66
1163,12/28/2022,12:00 p.m.,99
1164,12/29/2022,8:00 a.m.,127
1165,12/29/2022,12:00 p.m.,147
1166,12/30/2022,8:00 a.m.,149
1167,12/30/2022,12:00 p.m.,146
1168,12/31/2022,8:00 a.m.,64
1169,12/31/2022,12:00 p.m.,60
1170,1/1/2023,5:00 a.m.,99
1171,1/2/2023,8:00 a.m.,86
1172,1/2/2023,12:00 p.m.,83
1173,1/3/2023,8:00 a.m.,79
1174,1/3/2023,12:00 p.m.,76
1175,1/4/2023,8:00 a.m.,72
1176,1/4/2023,12:00 p.m.,102
1177,1/5/2023,8:00 a.m.,102
1178,1/5/2023,12:00 p.m.,164
1179,1/6/2023,8:00 a.m.,191
1180,1/6/2023,12:00 p.m.,146
1181,1/7/2023,8:00 a.m.,43
1182,1/7/2023,12:00 p.m.,39
1183,1/8/2023,5:00 a.m.,106
1184,1/9/2022,8:00 a.m.,78
1185,1/9/2022,12:00 p.m.,73
1186,1/10/2022,8:00 a.m.,68
1187,1/10/2022,12:00 p.m.,112
1188,1/11/2022,8:00 a.m.,148
1189,1/11/2022,12:00 p.m.,168
1190,1/12/2022,8:00 a.m.,188
1191,1/12/2022,12:00 p.m.,177
1192,1/13/2022,8:00 a.m.,53
1193,1/13/2022,12:00 p.m.,48
1194,1/14/2022,8:00 a.m.,44
1195,1/14/2022,12:00 p.m.,39
1196,1/15/2022,5:00 a.m.,109
1197,1/16/2022,8:00 a.m.,97
1198,1/16/2022,12:00 p.m.,92
1199,1/17/2022,8:00 a.m.,89
1200,1/17/2022,12:00 p.m.,84
1201,1/18/2022,8:00 a.m.,128
